{"cameraMode":{"drawMode":0,"name":"Shaded","section":"Shading Mode"},"sceneLighting":true,"audioPlay":false,"sceneViewState":{"m_AlwaysRefresh":true,"showFog":true,"showSkybox":true,"showFlares":true,"showImageEffects":true,"showParticleSystems":true,"showVisualEffectGraphs":true,"m_FxEnabled":true},"in2DMode":false,"pivot":{"x":-24.508787155151368,"y":0.27162137627601626,"z":2.228241205215454},"rotation":{"x":0.02966354228556156,"y":0.7222052216529846,"z":-0.029745055362582208,"w":0.690718948841095},"size":0.8005067110061646,"orthographic":false}